id,creator,message,posted_at,longitude,latitude,location,campus,likes,dislikes
83dea457-332d-4419-98e8-07630fa5369d,admin,anyone living in Richardson appts next year dm me and lmk @andrewkim615,2022-04-22 01:38:31,-74.4681162931315,40.52641529364161,Richardson Apartments,busch,1,0
856cec09-1dc6-4027-959c-7e469f7221a3,admin,To the blonde curly hair girl inside RUHungry at 12:30 Friday the 22nd, I wanted to ask for your number but because you were in a group i didn't have the balls to ask you for it, i was the tall guy who held the door for you, if you see this hmu!!!‚ù§,2022-04-22 02:05:38,-74.44819048326109,40.49910760803572,RUHungry,collegeAve,1,0
097154e6-1c29-440b-a42c-4fc39354f895,admin,i just met the finest brown man at pub (4/22) with a bunch of tatts his name is neel/neil he‚Äôs also a senior i was tryna get your snap but naji kicked you out please HMU thank you,2022-04-22 02:13:02,-74.44247375138922,40.496462855763625,Blackthorn Restaurant & Irish Pub,collegeAve,1,0
27197afc-6c54-4e5e-844b-2915802d8420,admin,4/22 @1:30-2:00am to the girl on the lx with the glasses on your super pretty I was too shy and a little high to not come over hmu!,2022-04-22 02:23:34,,,LX Bus,,1,0
a188a14a-56dd-49b5-baea-24307ed62a48,admin,To the people at Richardson making tie dye shirts, y‚Äôall are good vibessss drop ur @ inna comments,2022-04-22 02:31:04,-74.4681162931315,40.52641529364161,Richardson Apartments,busch,1,0
d8e2d72b-c2f3-4c46-ae72-8e3757e3f923,admin,To everyone in Cabaret Theatre‚Äôs production of Spring Awakening: YOU ALL ARE ABSOLUTELY INCREDIBLE AND SHOULD BE SO PROUD!!!!,2022-04-22 02:48:51,-74.43879661246943,40.48424750293101,Cabaret Theatre,cookDoug,1,0
d27c7a87-ef28-458c-a6bd-eed9b56eba47,admin,Girl with the green flannel and black hijab on the lx on 4/21 Thursday 8:30 ish. Ur friend had a halal guys bag or sum. I exchanged a few glances with you, and I‚Äôm so sorry for staringüò≠. If u want, maybe we could go and grab a coffee or sum after Ramadan? I was the guy in the green print button up and tan jacket. ,2022-04-22 05:51:42,,,LX,,1,0
979fe2d5-c76f-4ecc-ace1-b0d6693bfd25,admin,I‚Äôm looking for a place to stay for this upcoming semester!! I‚Äôm down to have a few roommates (preferably women)  please contact me @johlie_ if you‚Äôre looking for anyone!!!,2022-04-22 07:13:06,,,,,1,0
e383a06d-8e35-42f0-a2bf-ffebab25c165,admin,To the person who found and delivered my lost wallet from college ave parking deck to my house on 4/20, THANK YOU SO MUCH ü•∫I was so frustrated when I lost the wallet and you made my day. It made me feel so wholesome because you must have gone out your ways to spend time and gas to just to drop off my wallet. I'm so grateful for you and your kindness and I hope you ace your finals :),2022-04-22 08:57:23,-74.45139572128204,40.50446349946988,College Avenue Parking Deck,collegeAve,1,0
499f18d7-48de-4c6a-9692-a2a6e0012c75,admin,to the goose that chased me yesterday on livi - I have never been chased by one of you before. but the one time I wear my rainbow jacket this is what you do. geese r homophobic confirmed üôÑ hashtag stay woke,2022-04-22 09:14:54,-74.43594441675226,40.522982599049904,Lynton South Tower,livingston,1,0
960caf15-927b-4c5f-b738-03ce7d76b2e8,admin,To the tall white guy at Busch dining hall on 4/19 around 6ish, wearing a blue hoodie and wired apple headphones, just wanted to say you are super cute,2022-04-22 09:35:46,-74.45777784367293,40.522548632995274,Busch Dining Hall,busch,1,0
64f3d4cc-0b00-43d1-8715-7380d2027087,admin,Is there anyone that knows how to and can tailor my suit for gay prom? It‚Äôs like really oversized now,2022-04-22 10:59:43,,,,,1,0
33967124-5901-446d-977a-1ae852309265,admin,Is anyone going to the lucky daye concert this saturday, that I can go w? I don‚Äôt wanna go alone :/,2022-04-22 11:46:56,,,lucky daye concert,,1,0
9fdc18a0-5ee6-4674-a7db-623d5d7c4708,admin,To whoever was on the LX bus around 11:30AM, 4/22, if your phone name on AirDrop is „ÅäÂ∞ª‚ô°, I like your humor; let's talk!,2022-04-22 11:49:11,,,LX,,1,0
49afd3c8-1a6f-48a7-99ec-c5a36aba70e7,admin,To anyone going to the engineering formal tonight (4/22) how formal is formal? Because I don‚Äôt want to embarrass myself going formal if everyone else isn‚Äôt gonna follow dress code‚Ä¶ (plz respond),2022-04-22 12:56:24,,,,,1,0
d311cc88-810c-4277-a521-420c15d51648,admin,4/18, to the girl on REXB at around 5:30ish wearing a red jacket and you had a tan leather bag. You got off at hill centre. I didn‚Äôt understand if you were looking at me or someone behind me. I was the guy sitting right behind the door on the elevated side. Hmu if you want to talk. PS your hair was nice..,2022-04-22 13:05:52,-74.4626988737795,40.522107704323474,Hill Center,busch,1,0
026cf866-17d7-49f7-b744-cddf6b9ff03b,admin,4/22 : to they tall guy in the livi gym around 11:45, you were wearing a green shirt and with ur friend who was wearing a purple shirt a green hat and jeans( btw who tf wears jeans to the gym lol) but I just thought you were really attractive and u seem so chill,2022-04-22 13:12:19,-74.43089776929375,40.52120495107628,Livingston Recreation Center,livingston,1,0
d160606e-b679-4e94-b45c-c5f5b3dee085,admin,To the brown girl and black guy in the black Mercedes by Newell Apts around 9pm. Y‚Äôall are so cute, I just want what y‚Äôall have :/ ,2022-04-22 13:21:30,-74.42986151028774,40.47755161764326,Newell Apartments,cookDoug,1,0
74f73b2c-3df9-486f-9fc7-eb6c49694efd,admin,Does anyone have tips or resources for finding housing in nyc for the summer? It‚Äôs pretty late, but hopefully there‚Äôs still options out there and if anyone is subletting or looking for an apartment in nyc lmk! ,2022-04-22 13:22:48,,,,,1,0
9d4a1462-9fcc-4f04-aac6-6853aaf287ab,admin,(4/20) To the guy on the LX otw to livi with glasses, a light blue hoodie, and Birkenstocks. I was the guy right across from you in the green sweater. We kept meeting eyes and you‚Äôre cute so hmu if üåà üíÖ  ,2022-04-22 13:29:28,,,LX,,1,0
16dc46eb-abfa-45bd-8f9c-a212efc274c6,admin,Not a missed connection but are there any other seniors graduating next month that feel like that haven‚Äôt made a solid group of friends? Lots of acquaintances but not an actual friend group,2022-04-22 13:49:22,,,,,1,0
17259f33-5731-45b2-8cfe-6fde1d85802c,admin,To the girl in the red tesla who almost crashed into my car at livi because she didn't look both ways while making a left turn.. u cute but I need to know who you are so i can make fun of you bc that shit was funny af. I'll even throw in free driving lessons (as long as i can ride in the tesla)p.s. ask ur dad to buy you autopilot or smth üíÄ,2022-04-22 14:11:50,-74.4425745,40.531556,avoided crash site,livingston,1,0
b57616bc-ac09-4d38-b3ae-c6ea515bbab9,admin,To the girl on a zoom call on the druskin terrace at around 2:30 on 4/21, sorry for staring you are just sooo gorgeous and your whole aura and energy was so beautiful :) ,2022-04-22 14:41:50,-74.44330258328698,40.49417202442225,Dunkin',collegeAve,1,0
54d0579e-604b-45d4-8e2c-d355c07ff78d,admin,To the girl in Alex lib(around 3pm) in the green flannel, blue shirt, and AirPods. I kept looking at you and you kinda caught me looking at you i think haha. You‚Äôre really cute. Would you be down to grab some food or/and coffee with me? I‚Äôd love to get to know you! plz hmu if you‚Äôre down :)),2022-04-22 14:55:56,-74.45257861772129,40.504984460675374,Alexander Library,collegeAve,1,0
9aff46d1-43ad-4d93-a731-25cb42ef4ea8,admin,To the Asian guy at Livi dining hall on 4/22 around 2PM who had circle glasses, a white/beige sweater, and a sharp jawline, my friend thought you were really pretty. If you‚Äôre single, reach out to me! ,2022-04-22 15:04:41,-74.43809400760368,40.522920791153126,Livingston Dining Commons,livingston,1,0
8bc61c74-e50c-4027-9607-c2b2b7147fbd,admin,ive talked to my roommate about the issue and nothings gotten better. I just wanna sleep, why do you set alarms so early and just snooze them and they just keep going off. Even on the weekends. Like i dont get home from work until 2am and you set 5am alarms every single saturday, just to snooze them and im the one that gets woken up while you just sleep right through them. I cant take it anymore. I cant wait til the semesters over man,2022-04-22 15:23:13,,,hell,,1,0
bf9f0541-6caf-4cbe-acf4-18491a8e91f8,admin,4/22 the guy in the hot pink shirt jogging next to brower around 3:45pm you‚Äôre really cute hmu :),2022-04-22 15:52:10,-74.45158949576533,40.50384494152471,Brower Commons,collegeAve,1,0
8c4431a1-7e7c-4a73-9766-a70dc33842b1,admin,To the girl that was wearing a purple/magenta top in the Cook Doug gym and at the leg press machine at around 5:10-5:30. I think you also had like a gold Christ necklace around your neck if I recall. Your smile is absolutely vibrant and definitely would make anyone‚Äôs day. HMU I‚Äôd love to get to know you! ,2022-04-22 16:10:02,-74.43266494018413,40.47866740601057,Cook/Douglass Recreation Center,cookDoug,1,0
3e87cc88-4bf1-4f8f-b88e-65da8d3b7b24,admin,if anyone is selling stray kids newark nj tickets pls hmu, looking to buy up to 4 !,2022-04-22 16:11:00,,,,,1,0
1a62f4a5-54ed-4e1a-ad2b-ec8c36846873,admin,To the guys in the little white Lexus crossover pulled over by RUPD by Alexander Library around 4:15 PM on Friday, I hope y'all are good; I saw you drive off so I guess you are. ‚ò∫Ô∏è Why did they need 4 police cars for a traffic stop, seems excessive? I'm super curious/nosey lol,2022-04-22 16:41:33,-74.45256788733899,40.50503340649442,Alexander Library,collegeAve,1,0
ff9405b6-09fb-4dfb-9bf2-18d5447b1a15,admin,Not a missed connection but to the person who left their silver Nissan running in the parking lot behind Murray Hall around 5pm on 4/22, I hope you‚Äôre ok and didn‚Äôt just forget to turn your car off. ,2022-04-22 17:01:44,-74.44660549549737,40.500772006107496,Murray Hall,collegeAve,1,0
0a8d39c7-4a2c-407e-bf75-c56047f75be8,admin,(4/22) to the guy at the palestine rally wearing a blue thobe and i think white & blue sneakers, you were so so cute,2022-04-22 17:34:45,-74.4515143939029,40.503836782276,Free Palestine,collegeAve,1,0
90da2690-8bb9-4b81-9338-f6a96b6937ee,admin,Yo are there any travel clubs i can join like Indian ones? Btw I am not good at dancing/singing and def don't wanna do an academic club,2022-04-22 17:36:40,,,,,1,0
3fa66b30-c04a-47d7-8b87-87ce38c9c2bb,admin,To the tan Asian guy, with a nice butt, at Easton Avenue Gym who wears blue headphones. I heard you talking to your 3 Spanish friends, I thought you were really friendly and cute. Hmu ,2022-04-22 17:49:09,-74.44794347497314,40.49724323555293,Easton Avenue Gym,collegeAve,1,0
6325ba6a-881d-4e8c-91b0-3df7ff9219e7,admin,To the girl with blonde hair I talked to around 4 PM today (4/22) near the Scott hall area on the bench.  I was the guy wearing the pink polo shirt with blank pants.  We talked about you being a matketing major and how this is your last year at RU.  You were a really nice person and since this is your last year here, we may not see each other again, but just wanted to say that congrats on graduating and I wish you the best of luck on all of your future endeavors.  ,2022-04-22 17:53:37,-74.44754138229928,40.49991651058618,Scott Hall,collegeAve,1,0
fcea76fb-9e89-4d63-9d55-70db483e9901,admin,Not a missed connection but does anyone else feel like college so fucking lonely? I feel like I'm there just to get a degree and leave. I know that's not what it's supposed to be about but I feel like it's not gonna change. Anyone with me?,2022-04-22 18:08:33,,,my feelings,,1,0
03592e05-90a9-4500-a0fe-abbbafae155f,admin,The tall brown haired guy in the suit outside College Ave Student Center on Friday, ~5 pm,We were vibing to the band with the saxophone. I was the blonde guy wearing khaki pants. I wish I'd talked to you, but am awkward and didn't want to make you feel uncomfortable as idk if you like guys too. You're really handsome tho and I hope you have a great evening, hmu if you're interested :),2022-04-22 18:26:45,-74.45203002306403,40.50288142637295,College Avenue Student Center,collegeAve,1,0
e53ff583-1c88-4e33-8e41-e56407488096,admin,Um so I am Indian and will be dorming next year. I am sorry for whoever is gonna be my roommate coz my mom will prolly spam u. #strictdesimoms.,2022-04-22 18:32:01,,,dorm of glass,,1,0
2de44494-2093-44d9-8007-2b699a64ccb7,admin,To the girl I met at the AEPI party who left before I could get your number‚Ä¶ add me. I was the kid who mentioned his Nintendo switch, all the new Star Wars legos I got, and how excited I am for the new Lego Indiana Jones game,2022-04-22 18:43:59,,,AEPI party,,1,0
4ba0d4a5-fb1c-4cdb-b39f-8f27c462317c,admin,4/22: To the kind person who offered me chapstick at Demfest, two things.1. Thank you very much.2. You looked very beautiful,2022-04-22 18:46:05,-74.45038212304684,40.50357982485473,Demarest Hall,collegeAve,1,0
ed2a6874-7a9a-4e06-aa30-e12003f2d303,admin,Not a missed connection, but if anyones looking to sublet a room at the standard fromJune to August lmk!!!,2022-04-22 19:48:48,,,,,1,0
7291b718-3b52-4bbc-af8b-4ede33862bc0,admin,to the guys who took it way too far and were screaming profanities and racist comments on Sicard today: you‚Äôre disgusting and i felt so unsafe i crossed the street and went through the parking lot to get around you. ,2022-04-22 19:49:36,-74.45377307520917,40.502496468091024,Sicard St,collegeAve,1,0
1655fe66-6b14-4e30-92d6-0ab2999f4a85,admin,(4/13) To the tall, attractive Asian boy who was wearing a green t-shirt and black pants, and walked down the back stairs of Tillet Hall around 4:15-4:30pm, I thought you were really cute. If you‚Äôre single, I would love to get to know you better. ‚ò∫Ô∏è,2022-04-22 21:39:55,-74.43602188478512,40.5219585039965,Tillet Hall,livingston,1,0
765a6a80-ae4e-4bfb-862e-39132c34708b,admin,Does anyone feel like they have friends but all your friends have closer friends than you? It‚Äôs a weird feeling and sometimes I feel like I‚Äôm the only one putting all the effort to be friends,2022-04-22 22:04:23,,,sadge motel,,1,0
ae15b634-9919-4629-8362-520910ecbe93,admin,this is to the hijabis I saw comparing and checking out each other‚Äôs tits at Alexander lib: you guys made me laugh lmao ,2022-04-22 22:15:26,-74.4526537179753,40.5050415656797,Alexander Library,collegeAve,1,0
61024cb7-235d-4ee3-ab16-477c66e2264e,admin,How do you get over a guy who has a girlfriend? He‚Äôs literally the sweetest, cutest, and nicest person ever. Whenever I‚Äôm around him, I get all nervous and flustered, and my heart skips a beat. I do my best to keep a distance and be respectful, but holy this sucks.,2022-04-22 22:25:11,,,,,1,0
c2a1a27e-1e0c-469a-804e-b6612990351f,admin,To Elizabeth our DoorDash driver on 4/22 around 9:40pm thanks for getting us chip I‚Äôd like to return the favor pls hmu ,2022-04-22 22:26:54,,,,,1,0
c8a54dcd-7c20-45a4-8a43-321aed244643,admin,Where are all the Lebanese baddies at? Tryna get me a wife I can bring home?üëÄüëÄ,2022-04-22 22:41:01,,,,,1,0
f323c091-e191-46ea-9a4d-48816d3f1af0,admin,It seems so many people here enjoy the pink puffball Kirby, I'd really like to be friends with any if not all of you üòä,2022-04-22 23:37:54,,,,,1,0
89ba19b0-32f7-4a9f-80cf-b22d1ac0295d,admin,Can anyone hook me up with parking spots that I can use to park overnight (preferably near livi) without having to leave by 6am,2022-04-22 23:47:56,,,,,1,0
2447f257-fbd4-4f45-80aa-8564d85f44e5,admin,to the guy heckling ppl in front of the casc selling cookies on 4/21. you are mad cutee and u tried so hard to get ppl to help us out at our table (even tho u guilt tripped us into buying cookies) think your name started w an A or smth - one of the girls who was tabling,2022-04-22 23:51:25,-74.45209439550206,40.50290590142855,College Avenue Student Center,collegeAve,1,0
85464c5c-9e73-4f4f-a997-5191c983dbc4,admin,4/22 to the girl at Demfest who was singing along w me to Take Off Ur Pants by Indigo De Souza as they were changing sets: I was the one w the mask n the mesh top! sorry for leaving, my group was gonna get ice cream. you wanna trade instas? or hang out??,2022-04-23 00:13:07,-74.45032916797084,40.50361591033291,Demarest Hall,collegeAve,1,0
e99c5c32-1f1c-4a93-b951-467595a00c28,admin,4/23 to the girl friday night who blew me a kiss around 12:45am and got on the lx bus from college Ave with your friends you had black hair a white shirt and light blue jeans hmu :),2022-04-23 00:57:56,,,LX,,1,0
fca2e144-5ae9-4fab-89a4-20cf71e4b5a2,admin,to the girl i guest swiped at the livi dining hall 4/22 ~11:30: wanna grab food sometime? i was meeting up with a friend today but u seem like a really cool person ,2022-04-23 01:19:42,-74.43796526374688,40.52292907683804,Livingston Dining Commons,livingston,1,0
4a87c5aa-460c-4d38-b955-7a55c75f25f0,admin,To the seniors of RPDC: I wish you all the best of luck in whatever adventures you go on next! You're all so talented, and I know you will accomplish great things! XOXO,2022-04-23 01:44:35,,,,,1,0
0d0a971a-efe9-4231-a867-89c4534161ba,admin,Hi; I left my dark green jacket on the couch on 52 college ave couch this Friday and it had my glasses in there plz lemme know if you took it by accident!! ,2022-04-23 02:37:04,-74.44877376904834,40.49976938310936, 52 College Ave,collegeAve,1,0
05776320-1eef-40db-9b00-29fe060c8eed,admin,to the girl that accidentally gave their veggies to the women making my pasta at the pasta station at livi, thanks for the extra veggies üëç,2022-04-23 03:30:51,-74.43813692678846,40.52289645818304,Livingston Dining Commons,livingston,1,0
671b8b56-9a59-44d9-b3b1-c44a7d20feb9,admin,To the boy who came up to me during my lunch break while I was working at The Yard and handed me a flower, it was really really sweet. I have been having a really rough week and that small act of kindness meant a lot to me.,2022-04-23 03:54:54,-74.44854533124261,40.49954608487317,The Yard,collegeAve,1,0
530c7f2b-d1e2-4eb8-9b56-a977a060cbb2,admin,(4/22) whoever the asian girl i danced w for a hot sec at like 130 at queens or hueys (i dont remember which üôÉ) i was in the denim shirt‚Äîwould be down to dance more, was fun :),2022-04-23 13:44:07,-74.45427183512203,40.4997596086294,Huey's Knight Club,collegeAve,1,0
ceb34b69-4340-4103-bad3-556f34f3cd1a,admin,(04/22) To the guy who was walking the tiniest, fluffiest puppy I‚Äôve ever seen near Scott hall around 7:40pm thank you for letting me pet your dog it made my day so much better. I was the girl in a black tshirt, black jacket, jeans, and glasses so hmu if you‚Äôre ever down for coffee or drinks:),2022-04-23 09:23:49,-74.44766930490611,40.500431590760634,Scott Hall,collegeAve,1,0
f9eb47dc-355f-49d6-99da-e07c8271c92d,admin,there was a boy wearing a backwards north face shirt at queens last night. id really like to get to know you if given the chance! you‚Äôre really cute!,2022-04-23 10:01:45,-74.4542017,40.4989026,Olde Queens Tavern,collegeAve,1,0
599a0c36-3731-4ea6-9cb0-2cc79df9dc6c,admin,(4/23) to the group of super cute poc group at the yardbucks at like... 10:45 am or so today? the group where the asian girl where was wearing the blue snuggie thing? y'all look like you have immaculate vibes,2022-04-23 10:44:53,-74.45198623720847,40.499061626296694,Starbucks,collegeAve,1,0
3f6e79bf-0fbb-4bfd-9b43-5262fd30ec3f,admin,Not a missed connection but what is this Rutgers Met Gala thing? I‚Äôve literally seen so many people post about it but haven‚Äôt heard anything officially and im so confused üò´,2022-04-23 12:27:05,,,,,1,0
a8f312f0-a0ec-41aa-a5ff-5a0f339aea62,admin,to the tall white guy with shoulder length hair at demfest hi ur cute lol,2022-04-23 12:31:56,-74.45033284302714,40.50352848117663,Demarest Hall,collegeAve,1,0
c152398d-5e99-4cdb-817c-642c76d5d108,admin,To the girl who booped my nose at 52 College Ave (4/22), how did you know that‚Äôs my sensitive spot üò©üò©üò©,2022-04-23 12:51:09,-74.44879522597925,40.49979385847087,52 College Ave,collegeAve,1,0
5eea0d5a-6e6f-4954-9bc3-f07a5bc29057,admin,This was on Friday 04/22. To the guy who took the Lx bus from the yard, you were brunette wearing a black tank top w sweats and u had an orange/yellow backpack and I think u were carrying an Amazon package. You‚Äôre really cute and I was going to say hi to u but then you got off at the next bus stop after the yard. ,2022-04-23 13:55:23,,,LX,,1,0
deabba41-d0b8-4cbc-bc3b-6e35bff6e3a0,admin,To the guys who dismantled my bed last week fuck you guys ,2022-04-23 14:24:57,,,your mom's house,,1,0
213fe30d-4ed7-4d6c-97c4-fde1ef2d55f8,admin,To the girl short brown who lives on 2nd floor on Allen hall I think you‚Äôre really cute and your nose stud looks amazing.,2022-04-23 14:36:55,-74.45324665624535,40.521539570310004,Allen Residence Hall,busch,1,0
a52af885-13ee-47d7-9b27-170c4b8aa0d5,admin,to whoever was singing the attack on titan final season opening on cook doug on 4/23 at 3 ish, you made my day ,2022-04-23 15:15:05,-74.43705952115896,40.482808793027154,Passion Poodle,cookDoug,1,0
038ba7ff-65a3-41cc-9d03-51b2e4c443d3,admin,Dominican girl that i had asked what language you were speaking on the phone, i like your energy, you should hmu,2022-04-23 16:42:59,,,,,1,0
160766b5-72c8-43a6-9fca-6616e357b0e5,admin,Yury. I‚Äôm sorry how things ended. It‚Äôs my greatest regret letting you go. I saw you in the Nielsen today and the memories came flooding back. I‚Äôm sorry about what happened and there was a reason for it and given the opportunity, I‚Äôd do it all over again. If you see this, just know, I‚Äôm incredibly remorseful,2022-04-23 17:39:51,-74.43148565193232,40.48185706492709,Neilson Dining Hall,cookDoug,1,0
e517e077-ce3c-4a26-9cbb-2f79341dc3cd,admin,To the girl near the SAC around Bishop Quad on college ave on 4/23 around 6pm who complimented my outfit and said ¬´¬†it‚Äôs the bow for me¬†¬ª I already said you‚Äôre gorgeous but you‚Äôre so kind that really made my day!!,2022-04-23 18:33:21,-74.44904576972303,40.50435307566658,Student Activities Center,collegeAve,1,0
00dabf6f-29ed-4687-a2cc-106697d6cbc6,admin,All i need is a husband. Tall, big and strong, greek or italian or black or arab. Smart, funny , clean. respectful but disrespectful üòå. rich rich rich. and romantic. preferably one with nicely built legs and arms. why cant i find one. help,2022-04-23 18:34:17,,,Horny Hall,,1,0
2e985785-1eb1-4e79-b414-106e8f83302b,admin,To the blonde girl in the colorful pants and jean jacket  at the esports event hmu you‚Äôre really pretty ,2022-04-23 19:08:15,,,,,1,0
1c837840-d10a-4612-a631-352e7f98acae,admin,to the girls sitting at livi student center 2nd floor around 7:20pm. You had curly hair, boots on and wearing brown jacket. You were very pretty. I was the guy with dark blue hoodie and clear glasses sitting across from you. hmu :),2022-04-23 19:38:57,-74.43718383828255,40.52358674485989,Livingston Student Center,livingston,1,0
ec272cca-ca59-4574-895f-fb6d8cb52d7c,admin,i‚Äôm a rising sophomore in engineering and looking for a girl roommate in morrow suites on busch. my friends are all super chill, hmu if you‚Äôre interested :) @julesscarvalho,2022-04-23 21:18:24,-74.46006386023573,40.52539699130055,Morrow Hall,busch,1,0
06fa66a1-8691-4a6f-846c-509bcf23c865,admin,I didn‚Äôt know engineers could serve like that until I saw the pics of the people running engineering formal like damnnnnnnn,2022-04-23 21:19:44,,,,,1,0
25396b1e-1ccd-49c4-9f47-3131c9acd569,admin,(4/22) To girl wearing khaki leggings, black t-shirt with some anime design, and black/white converse doing hip thrusters at the Busch gym @2:50 you are stunning. I‚Äôm the guy who was wearing a red gymshark t-shirt and blue shorts doing bicep curls next to you. If you wanna work out sometime HMU!,2022-04-23 22:08:56,-74.46090893133326,40.519542138214476,Sonny Werblin Recreation Center,busch,1,0
8ae6e4f8-e6b9-4cc0-80f1-0b7a49e9c87a,admin,to the guy at Yardbucks today who offered to buy the homeless man who came in a hot chocolate and some food items - I think your name was Jake or jack? I‚Äôm not sure but you left before I could say anything, I really respected that you took the time to talk to him and wait on line with him even though you had already gotten your drinks. It was really touching to see that happen at work and you have a really good heart,2022-04-23 23:13:54,-74.44824035398373,40.49927465053365,Starbucks,collegeAve,1,0
52dea051-c2fc-4d2d-83c1-91c4c53beba9,admin,(4/23) the guy on the weekend 2 around 11:30 pm dressed in all black with three black bags ,with a long earring on and with slides , you were cute af  even if you are not üíÖ, we love cute straight friends üòô,2022-04-23 23:39:07,,,Weekend 2 Bus,,1,0
428b3dcd-9df8-46b8-8d2c-1e8d8cb2ef84,admin,Hello. I have this entrepreneurship class that I am doing a project for. It‚Äôs a StartUp business project. My project is called Artists for Artists.  My group sells paintings, videography, handicrafts and in the process of working with digital artists.   There isn‚Äôt much sample pictures at the moment. But once people start emailing about this project. My group and I will email them back of more information about this project.,2022-04-24 00:43:26,,,entrepreneurship class,,1,0
1c24f691-a2cf-4152-8bab-f370bddafab4,admin,To the girl i held the door open and then took the elevator with in campbell, I regret not asking your name. You were cute and if you see this hmu,2022-04-24 00:49:19,-74.45118756360033,40.50547799224393,Campbell Hall,collegeAve,1,0
62253c60-a657-46a6-8863-ea4e93e096cc,admin,hi ! so i work at 16h (4/23) and while i was closing there was a guy who waved at me through the window and before that he came in and asked me how my day was and it was a while before i was asked that genuinely but anyways, i had to do a double take bc i didn‚Äôt recognize you at first but you were really sweet and the gesture made me smile so if u see this thank u and hmu ü§ôüèº,2022-04-24 01:34:53,-74.43769556906288,40.525596272501836,16 Handles,livingston,1,0
8ff2474b-09f7-438f-b5be-c6ca573fac0f,admin,To the two girls who said they didn‚Äôt like the fifth floor of the honors college if you don‚Äôt like it stay on your own fucking floor then,2022-04-24 01:56:02,-74.44701158052378,40.50256416507361,The Honors College of Rutgers,collegeAve,1,0
f73f1700-08ee-408b-bfc3-689a16a690c7,admin,Ben from yard bus stop, we‚Äôll never forget you. Stay cool and keep yankee-ing. but like lowkey lol u gotta chill w the homophobic slurs,2022-04-24 02:02:39,-74.44844097702017,40.49939431197356,The Yard,collegeAve,1,0
964a7732-a1f9-4f84-aabf-80d1b7d15a9a,admin,To whoever was peeing outside in the grass near the quad three bus stop, that‚Äôs was so funny and we could hear the stream from our room,2022-04-24 02:04:51,-74.4340635222556,40.520790540821274,Quad Three Residence Hall,livingston,1,0
8e07cc23-98ed-4e66-8221-b61acc33876d,admin,To the guy I saw walking infront of Panera at around 2:30pm on Friday (04/22). You had a butterfly tattoo on your thigh and it looked so good, you were wearing a cream coloured sweater. You were fine as hell tho. Don‚Äôt know if you‚Äôre üíÖ but you were so so cute! Hope you have a good day!!,2022-04-24 02:23:26,-74.45161987216977,40.50269578934886,Panera Bread,collegeAve,1,0
ec77e7a0-bb5a-49db-b724-3d6e419c12d0,admin,to Alex from the Gamma Phi Beta party: be my personal trainer?,2022-04-24 02:40:01,-74.45020006593927,40.50078832603445,Gamma Phi Beta,collegeAve,1,0
2d0783d5-4325-49d2-9a41-80df7872ec1d,admin,to all the models at chinanite: yall looked amazing n killed it on stage,2022-04-24 02:53:35,,,,,1,0
8880d982-5b7c-4730-9d02-5c9ef3858b0d,admin,To the girl who I believe called me cute on the weekend 2 bus at like midnight Sunday (4/24) at the Busch student center before you got off, hmu! You were wearing a green top and seemed really chill.,2022-04-24 03:23:20,,,Weekend 2 Bus,,1,0
1c39c310-15c4-4d96-a243-cb898a5a1220,admin,To whoever called the RA on the party in the Newell Apartments last night: 1) you're a bad person, you're a snitch, your mom's a hoe, etc, and 2) I ended up dislocating my knee at the place I went to instead and I blame you entirely. Will be seeking compensation for damages,2022-04-24 03:48:29,-74.42986687408255,40.47757610085546,Newell Apartments,cookDoug,1,0
b2ae35e0-6224-4a6d-9f5b-f64f04a161dc,admin,If you‚Äôre living in winkler next year, hit us up ,2022-04-24 10:01:32,-74.45837023214342,40.52537257840466,Winkler Hall,busch,1,0
884519a7-16e9-4013-8852-af1331c2ba7d,admin,(4/22) not a missed connection but to the guy who drugged me at hueys i sincerely hope you break every bone in your body and then some and shout out to my friends for taking care of me‚ù§Ô∏è ,2022-04-24 11:19:40,-74.45427183512203,40.4997596086294,Huey's Knight Club,collegeAve,1,0
48b10573-26bb-44f9-bef9-b6192c69fe7b,admin,To Chris whose drink I accidentally kicked over last week. I‚Äôm glad we squashed the beef but I still feel bad. Hmu so I can take you out for a replacement.,2022-04-24 15:15:43,,,,,1,0
993ee2be-092e-43be-8b27-fdcdd2a2b987,admin,04/25/22 To the cute guy at the front of the packed weekend bus after the hill center bus stop who stood behind me. I was wearing a cap/ headphones. The moment when the bus hit a sudden stop and you grabbed the handle next to my head, my heart stopped, it was like a scene from a movie üò≠. This might sound stupid but if you ever wanna hangout or talk, comment so we can connect? ,2022-04-24 17:53:34,-74.4626988737795,40.522107704323474,Hill Center,busch,1,0
a5cc9d85-2c9d-43e8-97cb-0c1f52387652,admin,To the person I saw looking at my orgo test, you‚Äôre looking at the wrong persons test sorry bro wish i coulda helped,2022-04-24 18:45:19,,,,,1,0
08b04044-51da-468f-9194-e15428a382ba,admin,Hey I‚Äôm a freshman thats had a hard time making friends, i like f1 and videos games and from New York. Just looking for some other loners who wanna just hang out and do something fun etc. Im so bored here without friends if you wanna be friends lmk!,2022-04-24 19:18:15,,,,,1,0
6478720c-4a3f-4e69-8bed-102ad8304473,admin,to the girl in the black harry potter crewneck sunday night at 7:45 in the livi dining hall, sitting with the girl in the white tank top. disrespectfully. you‚Äôre fine as Fuck and i would love to take you out for bagels  ,2022-04-24 19:48:25,-74.43810790285734,40.52285609429245,Livingston Dining Commons,livingston,1,0
a44c22d1-57d7-438b-95fe-e15cc6a0dafb,admin,To the person last night at the yard who complimented my hair and outfit and overall aesthetic you literally made my week,2022-04-24 19:57:54,-74.4484338846072,40.49936684585267,The Yard,collegeAve,1,0
98fc992f-beb0-41bb-b0e1-7bcf1c106bcd,admin,To the dude with long hair and black nail polish who was sitting across from me on one of the weekend busses, you looked just as uncomfortable as I felt with all the maskless people. Wanna bond over it?-the one with the rainbow Ruth Bader Ginsberg mask,2022-04-24 20:34:45,,,weekend buss,,1,0
f376c9bf-3611-4950-8cbe-8be11ed81131,admin,To the asian girl with red hair and pink jacket at Livi dining hall I was the one who complimented you about your hair but I forgot to ask your name, your cute asl:),2022-04-24 21:37:04,-74.43813576106908,40.52287469093012,Livingston Dining Commons,livingston,1,0
6190ee03-5f54-4533-b732-42df5db808d2,admin,To the tall brown guy holding a hammer at his  graduation photo shoot in front if Richard weeks on 3/23‚Ä¶.hmu you cute as hell ü§©üôÉ,2022-04-24 21:49:46,-74.4595450479258,40.52467191450876,Rutgers Richard Weeks Hall of Engineering,busch,1,0
1dee0a8a-53f0-49d3-9b04-867cecf26437,admin,To the Asian girl at Neilson dining hall (4/24 at 6-7ish) with short green hair, star earrings and a striped green shirt, you‚Äôre absolutely gorgeous! Hmu if you‚Äôre single!,2022-04-24 22:39:24,-74.43155855819758,40.48177325370437,Neilson Dining Hall,cookDoug,1,0
77f2381e-b19c-43b0-823e-e8b7a3f443e0,admin,How many other people think the concept of Rutgers making tuition paying students pay extra money for parking is extremely predatory? I don‚Äôt know why people have been taking it sitting down for so long‚Ä¶ there‚Äôs nearly 70,000 students, what‚Äôs stopping us from protesting it by this point? ,2022-04-24 22:54:11,,,,,1,0
8e0d4e97-5dfe-46cb-afe0-fbe484a5e882,admin,To dan in mikes monday morning bio lab im only sending this in now cuz we dont have class anymore and im a puthy you should hmu im the other korean in the class üòå,2022-04-25 03:47:24,-74.44852983317142,40.499714115984844,Jersey Mike's Subs,collegeAve,1,0
666ff13f-32e1-4915-8cfa-f3b83c8f6315,admin,To the east-asian girl who wore a blue hoodie, black vest, and black leggings that took a train from Penn Station NY to New Brunswick (9:16pm) on Sunday 4/24 with an east-asian guy who wore a beige hoodie, plz hmu. That guy (K.A.) isn't worth any single bit of your time and I am talking from experience. I regret for not walking up because I didn't want to make a scene, but he is absolutely shitty.,2022-04-25 04:24:57,-74.44609302849251,40.49667986964707,New Brunswick Train Station,collegeAve,1,0
41d9055c-4eac-42ec-95b6-f0003187dffd,admin,To the girl in my comp apps recitation class (sameer‚Äôs) who always wore white air forces with the yellow swoosh, I sat next to you every Monday and literally never knew when to talk to you cause it‚Äôs kind of a busy class üò≠ Today I asked you how to add the percentage point in our assignment but wanted to talk a lil more tbh cause your eyes were beautiful so if you see this I‚Äôd love to hit you up ,2022-04-25 11:28:59,,,comp apps class,,1,0
aa5bff81-211a-4e61-ae20-d1018cb94e41,admin,To the girl named sahani who walks past my seat to get to her seat in our expos class with prof. ziner I think you‚Äôre really pretty and I wanna take u out sometime,2022-04-25 11:39:29,,,Expos Class,,1,0
943386da-1333-4b3f-a058-8b9b5482184a,admin,To the person who stopped in front of the DSC on 4/26 at 11:30am to help the elderly driver with directions‚Ä¶you‚Äôre a saint. To the person who then FLEW over the double yellow lines, passing on the left on Nichol Avenue while honking at me with my hazards on as the elderly woman followed me to her destination, learn some patience. She was handicapped, she‚Äôs someone‚Äôs grandmother. You could have hurt a lot of people. Please be kind. ,2022-04-25 11:51:29,-74.44080796606636,40.48160721772998,Nichol Ave,cookDoug,1,0
c8714b76-3c24-4f50-8d1e-ba6d3381b101,admin,(4/25) To girl walking down college ave by Panera in a pink sweater and green pants with a gray backpack you‚Äôre really cute I‚Äôd love to get to know you better. ,2022-04-25 11:52:36,-74.45162639345848,40.5026960891045,Panera Bread,collegeAve,1,0
f7944e9c-dd8c-4b28-8c1d-012452d1eef5,admin,Is anyone subleasing for a semester in Easton ave or verve?  If so please lmk I would like to fill in for either fall or spring! Thank you guys :) ,2022-04-25 13:08:27,-74.45060293032061,40.49831384479876,Verve,collegeAve,1,0
3852e44c-3792-4165-9741-36fd94593273,admin,4/25 To the thicc Indian girl with the jeans and the white underwear pulled up high and the black sports bra who was in kilmers around 1:20--are you single and are you gay,2022-04-25 13:22:43,-74.43879895708778,40.52576372455097,Kilmer's Market,livingston,1,0
36803636-1a04-4abc-8d73-8aea1f34dc70,admin,to the tall guy with black wavy hair and clear-ish glasses who was wearing adidas pants and white shoes today. You‚Äôre cute asf. We always take the train the same train from eastwick (pls pick up what I‚Äôm putting down, I don‚Äôt wanna put our city out there üò≠) to school. I‚Äôve been meaning to walk up to you but I never have time cause I‚Äôm usually late for work or class LMAO,2022-04-25 14:21:03,-74.44607054186679,40.49667027568666,New Brunswick Train Station,collegeAve,1,0
5232b861-fa05-4505-938d-9dcefa8df3d2,admin,to the girl next to me at brower 4/25 watching critikal, i loved ur doc martens and ur utube taste. share an airpod next time? :),2022-04-25 15:22:25,-74.45158949576533,40.50384494152471,Brower Commons,collegeAve,1,0
424e076b-241a-41fc-a5a0-87fdba3f8efc,admin,to the guy who was wearing all black at the college ave gym on 4/25 around 8:40 AM hi, I think we lived in the same dorm freshman year and I think you're super cute would love to get coffee or drinks some time :),2022-04-25 15:41:13,-74.4527531685962,40.50328913739564,College Ave Gym,collegeAve,1,0
3321b797-0c6b-45a7-9469-86a04c898b60,admin,04/24 to whoever taught me that you can ask for garlic TWICE at the Livingston pasta bar around 4. THANK YOU SO MUCH that pasta was good asf,2022-04-25 16:31:18,-74.43808328303173,40.522871990912286,Livingston Dining Commons,livingston,1,0
db792989-7e5c-45e9-8ab0-f804d2e46863,admin,To the guy on the lx at 5 pm on 4/25 talking about roller blading. Please teach me how to Rollerblade better, I am a beginner. I was the girl in the short skirt. ,2022-04-25 17:06:50,,,LX,,1,0
f825d9c9-5fc6-4a84-b3d9-3be11f61c93b,admin,Thank you to the bus driver around 5:45 PM today who honked at me to let me know a car was coming while I was crossing the street to Alex! I did not see the car coming. An award should go out to him! Shout out to all Rutgers bus drivers and what they do!! And I hope the person that was speeding down past the bus on College Ave knows to next time slow down for pedestrians. ,2022-04-25 17:55:17,-74.45255716197502,40.50491919911637,Archibald S. Alexander Library,collegeAve,1,0
b74c9831-2762-40af-b7f0-7bc570f891a1,admin,Is there someone at Rutgers who can teach how to play tennis? I have legit never played tennis before in my life and I would like to learn at some point.,2022-04-25 17:57:17,,,,,1,0
002d3abf-b960-4d48-bb21-142f4078bbac,admin,not a missed connection but anyone wanna be in an Asian groupchat where we can vibe and stuff, and maybe hangout during the last weeks of the semester??,2022-04-25 18:35:03,,,,,1,0
4a769b12-3381-446a-a022-153d40b0c3fd,admin,(4/25) to the person who airdropped me a picture of a carrot on the floor of the neilson dining hall (I think the senders name was brenda) thank you for that I really needed that in my life it was life changing.,2022-04-25 19:26:03,-74.43156075576789,40.48179994312222,Neilson Dining Hall,cookDoug,1,0
dfefb1db-2e28-4c86-a8ed-d8e98db523af,admin,To the blonde girl wearing darkgrev/black jeans and white topin brower around 4 o'clock (4/25)I thought u were mad cute and Iwas too pussy to come talk to u.I'd love to talk to u more hmu,2022-04-25 19:56:24,-74.45149293891376,40.5037470460003,Brower Commons,collegeAve,1,0
c34e4ea7-6332-48d5-b07d-5dbc0aee7a1a,admin,to that dude at the girls gone bad party @ shio lounge that looked like chris brown: you are so fine, i hope i see you again ;),2022-04-25 20:02:40,,,,,1,0
1e8d1c40-d0d3-4f74-b79b-0d64f56fbbca,admin,If you lost a photocopy of your SS card in Alex on 4/25 ‚Äî don‚Äôt worry, we shredded it, you r all good.,2022-04-25 20:13:30,-74.45257861772129,40.504984460675374,Alexander Library,collegeAve,1,0
0db5893e-4ba9-4c3b-bc97-857d6bcffa05,admin,To the couple going at it in the fifth floor Honors College bathroom, I hope you had a good time.,2022-04-25 21:01:54,-74.44704285638102,40.502589736718605,The Honors College of Rutgers,collegeAve,1,0
2a3bc181-9b74-4efa-92a2-3e17c424287b,admin,To the girl singing upstairs in 15 hartwell I could hear you when I parked my car. You sounded really good let me get your EP when it drops,2022-04-25 21:15:13,-74.45464821017731,40.497678731453426,15 Hartwell St,collegeAve,1,0
3b2bd224-e45d-46e7-b3cc-5e27de459d50,admin,To the tall guy at C/D gym on 4/25 around 9-10 pm with the grey sleeveless tank, maroon pants and long-ish hair, I‚Äôve seen u at the gym before and I think you‚Äôre really cute:) ,2022-04-25 22:06:52,-74.45456150637311,40.49769988441906,15 Hartwell St,collegeAve,1,0
2e31c68a-c007-4441-8011-0da1959b04ea,admin,any better call saul fans wanna talk about season 6 together? episode 3 has me an emotional wreck üòû,2022-04-25 22:36:28,,,,,1,0
e47018f3-e0fb-4ee9-9067-ed7e9a9c6ad4,admin,To the boy sitting next to me on the LX on 4/25 a little after 5:30pm who just randomly told me he liked my hair, you are so sweet :‚Äô) that literally made my whole day thank you <3 ,2022-04-25 22:44:53,,,LX,,1,0
b5d2053b-c652-4aa1-9c21-9340b8431711,admin,This one is for the guy who broke my heart out of nowhere late last Tuesday night, you completely disrespected me and made me question my worth. The worst thing of all is that I still miss you. I feel like I lost a best friend. I can‚Äôt stop crying at the thought of you.I hope you are doing well and taking care of yourself because I still care about you. I know you don‚Äôt read these, so that‚Äôs why I am writing this.,2022-04-25 23:01:28,,,,,1,0
bd4a6537-6256-4c74-84ce-31176b1a286f,admin,is anyone going to see the weeknd on july 16 and wants to make a gc,2022-04-25 23:16:24,,,,,1,0
efef8fd1-19ba-4676-bab8-5197b7a96910,admin,hey! i‚Äôm a rising sophomore (she/her) who‚Äôs looking to get into the gym to build muscle mass. i was wondering if anyone could help me out? be my gym partner to help me start?,2022-04-25 23:35:09,,,,,1,0
d4cc00a5-4f75-4fa7-b716-2cf1eef9e3a7,admin,is anyone going to the keshi concert on may 22? lmk!! i don‚Äôt want to go alone ü•≤,2022-04-25 23:58:08,,,,,1,0
72813b9a-63d6-458d-acc0-f5af80308d19,admin,To the guy I followed recently on Instagram and asked for my Snapchat. I genuinely thought you were really cute and tbh I wanted you to ask for my number instead.,2022-04-26 01:14:45,,,,,1,0
e19c683b-205b-4e96-91e8-b8e22765cc79,admin,sometimes its really freaky how i see the same people on campus and i dont even dorm. to nick from my hs: stop showing up everywhere. to gracie: ive always wanted to say hi to u and compliment ur dancing but im scared üò≠ ,2022-04-26 07:45:07,,,,,1,0
b0bd5aec-eb16-4b9c-8e2c-5ef56a1d375a,admin,To the guy wearing a bright blue helmet while skateboarding on Busch campus, you might actually be the smartest student at Rutgers. üëèüëèüëè Give ur parents a hug for me.,2022-04-26 08:11:01,-74.46281285620285,40.52360723655326,Around Busch,busch,1,0
7c8b6bef-45cf-45c7-9a7c-57dead378738,admin,To the guy with dark hair wearing a grey champion sweatshirt on the lx around 10am today (4/26)‚Ä¶ I think you are really cute:) We both got off at the livi plaza stop, but I was in a rush so I didn‚Äôt have time to ask for your number. I was the girl wearing the oversized green plaid jacket, black leggings and grey sneakers. I have brown hair with highlights and I wear glasses. You might have caught me looking at you a few times lol. I hope you found me cute as well! Hmu :),2022-04-26 10:17:56,,,LX,,1,0
2ee986a2-4ef7-489a-8b45-e0015b5ddcc7,admin,To the guys who keeps disrespecting the professor in Principles of Electrical Engineering 2, Can you guys grow up? Literally you are not high schoolers anymore. You are taking advantage of him for being nice and you guys keeps disrespecting him right in his face. Just because you are smart doesnt mean you have the right to be disrespectful. You guys are also the loudest people in the class and you are affecting other students,  this is college! We paid thousands for this shit. Act like adults.,2022-04-26 10:24:39,,,Principles of Electrical Engineering Class,collegeAve,1,0
fdbd83df-b86c-446b-a9fd-a547c0ead5d6,admin,I was walking down George Street by College Hall and a girl shouted something out of the backseat of a black car. I‚Äôm sorry, I really didn‚Äôt catch anything you said. I was wearing a white shirt and black cardigan. Let me know what it was!,2022-04-26 12:53:46,-74.43719149140139,40.486499325229374,College Hall,cookDoug,1,0
56afdbc7-d9a9-4b84-8217-2fd65df583b2,admin,to the east asian guy in a black tank at werblin around 11am on 11/26, if you‚Äôre single hml,2022-04-26 13:05:56,-74.46084178303502,40.519577493314834,Sonny Werblin Recreation Center,busch,1,0
4bc18246-c3b6-4c88-a03f-a47d3ecc2011,admin,Tues 4/26 to the blonde in fritz around 2:30 I think your name was sky (such a cool name) you were really pretty hmu if you see this ,2022-04-26 14:29:59,-74.45194584293732,40.49920474156078,Fritz's,collegeAve,1,0
87982de7-edd7-4b4d-a974-777b6c9862bf,admin,4/26 To the girl with about shoulder length (?) hair that I briefly locked eyes with under the tent in front of Cafe West; I looked away because I was nervous, but you were pretty cute. Hmu,2022-04-26 14:39:18,-74.44820250828582,40.50155270578214,Cafe West,collegeAve,1,0
ecf5d3cc-0745-43b1-b967-e01629ba42c9,admin,To the boy that held the elevator for me Monday night/Tuesday morning at like 1am in BEST East. I thought you were pretty cute, hmu if you‚Äôre not a freshman,2022-04-26 14:39:28,-74.45481793022138,40.52190034094479,BEST East,busch,1,0
75173eda-c389-40d3-a328-1bb9eaecc0de,admin,To the guy who came in the space to pray Zuhur and asked if I prayed. You had this blue shirt on, and I was reading Quran and I was wearing a Nasa Hoodie, your beard is immaculate mashallah i wanted to say that but you left lol ,2022-04-26 15:08:54,,,,,1,0
c36768df-64ba-4714-a468-f8df0c83b402,admin,Friends cafe on 4/26 afternoon, whoever was on aux has exquisite music taste, brought me pure joy. ,2022-04-26 15:15:30,-74.45639836684573,40.49846210864569,Friend's Cafe,collegeAve,1,0
fddca4fd-fc61-40a8-ba95-3b2cf17a0ffc,admin,to the guy at kilmers 4/26 at about 3:30pm with the alpha phi? leather jacket you are SO fine. pls model,2022-04-26 15:35:00,-74.43879895708778,40.52576372455097,Kilmer's Market,livingston,1,0
50286383-19f9-4ebd-9705-9f6ae3efa362,admin,Men - only sending imessage games is not cute, talk to her, ask her to hang out, don‚Äôt just send her 8ball that‚Äôll make her lose interest soooo fast ,2022-04-26 15:39:53,,,,,1,0
36ce8eb4-2c2e-43d1-b297-12d40a16661e,admin,(4/26) to the girl who spoke to me about how her life was going on LIVI A apartment around 3:50pm ish, spoke Spanish to me and went all the way to the 7th floor with me in the elevator, you single? üëÄ,2022-04-26 16:00:03,-74.43816909809048,40.52586415928807,Livingston Apartments Building A,livingston,1,0
4a562fb2-9498-4b1c-8c56-4274bf01e45d,admin,(4/26) @ around 3:30, to the girl in the grey hoodie and high top commes des garcon‚Äôs that was sitting in front of me on the LX, you fine as hell hmj üôèüèæ,2022-04-26 16:02:08,,,lx,,1,0
3884948d-d2d8-466f-bc2d-5ceffa05132e,admin,(4/26) to the curly headed hispanic? boy at the CA gym who always wears those silver headphones hmu- asian girl,2022-04-26 16:08:38,-74.4526413601676,40.50314626890807,College Avenue Gym,collegeAve,1,0
982f89d9-acdc-415e-945e-f56900c79c41,admin,to the girl getting off the B bus @BSC who complimented my phone beads and said i was pretty... ur so gorgeous omg ! lets be friends <3 ,2022-04-26 16:15:00,-74.4581855405819,40.52331990140866,Busch Student Center,busch,1,0
5f286100-7b98-46b3-8585-7503058cbbbf,admin,4/26 to the tall guy wearing a dark blue puffy jacket and black and red nike sneakers at the Busch dining hall around 4, your hair looks so nice, how is it so fluffy??? wondering if you're a friendly giant and would like to get to know you <3,2022-04-26 16:56:20,-74.4577778728296,40.52256959146798,Busch Dining Hall,busch,1,0
68e9f7fa-d143-4557-906d-401b77472b2c,admin,to the 3 girls walking near the college ave parking deck/library who mimicked how the girl running past you was running after she passed, ur not cool. hope u dropped ur coffees (4/26 around 6 pm),2022-04-26 17:56:56,-74.4520421837661,40.50473156208843,Archibald S. Alexander Library,collegeAve,1,0
9985e81a-71b3-484d-bfc1-dd906d2c1d82,admin,Asian girl in the yellow jacket with matching yellow phone case on the B bus leaving the BSC at 6 today you're so cute, and u should hmuüòâ,2022-04-26 18:05:20,-74.4581855405819,40.52331990140866,Busch Student Center,busch,1,0
aa75b672-baa7-474a-9e94-b701182e192e,admin,To the people that ordered four milkshakes without tipping and made an inappropriate comment about cherries, respectfully don‚Äôt ever treat any server like that ever again ;),2022-04-26 18:08:17,,,,,1,0
eb242de9-af3e-451f-997d-11dcc373d665,admin,To my roommate who called us last Saturday night (4/23) saying that you got arrested for selling illegal drugs, asking us for $1,000 to bail you out, and had your friend impersonate a police officer to have him take our personal information, and then you proceed to tell me that you were hiding illegal shit in our room, pretend to get rid of it in our toilet, telling us ‚Äúwhatever is said and done in this suite stays in this suite‚Äù, and then tells us that it was a ‚Äúprank‚Äù more than 24 hours after the incident, when I already tore my room apart making sure you didn‚Äôt slip anything in my belongings, when we all contacted our parents as well as our RA as well as his supervisor and almost RUPD, fuck you. Oh and I also had an orgo II exam and a physics II exam during those 24 hours so I hope you feel accomplished.,2022-04-26 18:16:46,-74.45874753420773,40.52492971405857,McCormick Suites,busch,1,0
445272e6-ed19-48aa-be27-7f66a9b15a2c,admin,To the boys playing golf outside livi A... who won?,2022-04-26 18:23:55,-74.43816909809048,40.52586415928807,Livingston Apartments Building A,livingston,1,0
9432fb61-31ff-48ef-8f8b-3dcf3d9a9a5d,admin,(4/26) the girl who was knitting in databases lecture today, POP OFF QUEEN. join stitch for life so we can knit/crochet together <33,2022-04-26 18:30:52,,,databases lecture,,1,0
419f92e8-8bd1-4549-8bfc-826c238d14c5,admin,To the four mfs in BSC on 4/26 around 6:30 that were literally screaming and doing the Dr. Strange portal opening thing literally shut the fuck up holy fucking shit most obnoxious and childish shit i‚Äôve ever witnessed take that outside like holy fuck,2022-04-26 18:40:34,-74.45824991299665,40.52334436898049,Busch Student Center,busch,1,0
39c0c1c2-0735-4502-9068-d756621121db,admin,does anyone have an extra ticket to see rina sawayama and need someone to go with?? plsüíó,2022-04-26 19:29:13,,,,,1,0
5b9cd79c-c095-4cc2-9e10-c1c699c281d3,admin,To the kids who left all their trash in the BEST East lounge, clean up after yourselves üòÅüòÅüòÅ,2022-04-26 22:01:35,-74.45537575606129,40.52193240207497,BEST East,busch,1,0
86a18f90-1bd1-4d03-80a8-4641bd7750cf,admin,to the blonde girl w the short curly hair and the arm tat at hardenburg on 4/23 n i waved to u outside el jefes, idk if ur single but i‚Äôm like obsessed w you u look like a fairy <3,2022-04-26 22:09:37,-74.44974592360344,40.50474254775383,Hardenbergh Hall,collegeAve,1,0
f44ef662-ecb4-40e6-bf68-f7b37ae1d701,admin,to the girl that works at livi gym and was at the basketball courts around 9pm diya I think? you‚Äôre so fine hmu :),2022-04-27 01:11:47,-74.43089863872096,40.521274174568504,Livingston Recreation Center,livingston,1,0
83f967d6-e7a0-4a42-bb33-0d2d6dec2795,admin,To the white Toyota with the New York license plate on Hamilton street that I egged. I apologize I was trying to egg my friends car opsies://// ,2022-04-27 01:43:06,-74.4776499985458,40.48966081597019,Hamilton St,collegeAve,1,0
e3fdcfb6-138a-479d-855c-c909c8dfc7a0,admin,To the person who called my sandwich ‚Äúmax effort‚Äù (4/26) in the Livi Dining Hall thank you. Sadly it exploded over me and I never truly enjoyed it.,2022-04-27 11:21:19,-74.4381905707032,40.522888192487784,Livingston Dining Commons,livingston,1,0
a3f8d221-4143-41db-a9f0-a2a4f73f0118,admin,Not a missed connection, but im tryna get out of my Verve lease, who tryna take it over?,2022-04-27 12:31:31,-74.45060896531075,40.498303646327464,Verve,collegeAve,1,0
6646da34-bf9c-4c22-93be-e4ed9b33fe7d,admin,04/27 cute asian guy studying on the second floor of the academic west building at around 1 pm with a red backpack, silver headphones,  u had a paper bag next to your computer hmu we should hang out sometime,2022-04-27 13:39:24,-74.44811689907748,40.50172729099856,Academic Building - West,collegeAve,1,0
d8893297-de7c-4712-aac6-b17a65765105,admin,4/27. There was two brown girls at LSM around 1:30pm, one was wearing a blue shirt and the other was wearing a white and brown shirt. The girl with the white and brown shirt your smile was so cute, hmu. I was gonna talk to you but you guys left like right after I got there ,2022-04-27 13:54:35,-74.46730620118609,40.524826381146326,Library of Science and Medicine,busch,1,0
07584c21-046d-4ee2-b47e-cbac54bad2f3,admin,To the girl that was walking in front of Butler Wednesday at like 4ish with the black hoodie that had ‚ÄúNorth Hollywood, CA‚Äù on the back‚Ä¶.I had like this vision of a photo with a really long telephoto lens and the background of the gas station and Pub all blurred out. Just thought that aesthetic was really cool and you were walking away from me so I never got to see your face but I fuck with the whole vibe heavy ,2022-04-27 16:00:56,-74.45195929452271,40.499413579242194,Butler Food Store,collegeAve,1,0
2e13aa4d-5c72-4c94-a762-9b508fdbbf9a,admin,Hey guys, I‚Äôm in a suite with 5 other incoming sophomore girls for next year in Morrow. I‚Äôm not able to live on campus anymore so if you want my spot please please lmk asap. @shrutikhandelwal_,2022-04-27 18:40:26,-74.46006978605779,40.52541754677397,Morrow Hall,busch,1,0
d326f07f-a1af-47df-90ae-6d1240ea54bd,admin,(This happened on 4/27) Hii to the girl that gave me a mask at the sac at like 12:30 THANK YOUüò≠ i was so embarrassed that I didn‚Äôt have one, if you see this please reach out to I can repay you with like food or something also I didn‚Äôt say this before becuase I was rushing but I also thought you were very cute ‚ò∫Ô∏è üò≠ ,2022-04-27 19:19:11,-74.44915913996819,40.50437205931855,Student Activities Center,collegeAve,1,0
0ab18068-433d-4f72-a51d-fcb9f0ac4504,admin,to the 3 brown dudes sitting in the RBS 5th floor lounge on 4/27 around 10pm who asked my friend & i ‚Äúwhy are books important‚Äù and proceeded to make the absolute funniest commentary as you guys were finishing up your work, you made our night kings keep up the good work lads,2022-04-27 22:58:15,-74.44060511200078,40.523787581528005,Rutgers Business School,livingston,1,0
a6ac7a16-4db9-4885-b795-9d16f9e53c7e,admin,to the guy that was sitting on the bench in front of the college ave gym at like 9:10 pm on 4/27, please tell me you are üíÖüèª bc u were so fine,2022-04-28 11:03:28,-74.45215235846094,40.5031014929298,College Ave Gym,collegeAve,1,0
9f42f2ac-27da-4d2b-bdb4-f9b573a82e19,admin,To the mf in my criminology class at 10:20 am with Hayes, you‚Äôre genuinely so annoying despite not doing much, anti masking, drinking loudly asf in class, and mouth breathing LOUD ASF, not just you but you and your girlfriend next to you both with no class, you‚Äôve done it everyday where the professor gave up on telling you to mask up, how much of a baby are you, if you‚Äôre not going to wear a mask at least breathe aour your nose lmao,2022-04-28 11:25:30,,,,,1,0
2ae6add2-5e7c-4718-9b4f-064ee9a87f07,admin,To the girl in my business ethics class that presented last out of 50 students, I just want to say you‚Äôre very attractive. Don‚Äôt know what your name is but hopefully I get to see you around! ,2022-04-28 13:48:53,,,,,1,0
50134e0b-a42f-4b24-8726-365af0596f5b,admin,To the girl named Jay-Y (I'm sorry I don't know how to spell it), you complimented my outfit at the yard. I brain farted like crazy and missed the chance to ask for your number. Hmu (4/28),2022-04-28 13:54:28,-74.44841794871522,40.499363585239706,The Yard,collegeAve,1,0
db10766a-b7d3-481f-b882-84c61dcf38de,admin,Not a missed connection, but any breaking bad / better call Saul fans trying to meet and discuss how crazy this show is ,2022-04-28 14:12:33,,,,,1,0
a01e374f-8c0e-4b93-87e2-7329d0c83fce,admin,the guy way ahead of me in line for henrys thursday 4/28 in the fish hoodie and modelo hat: youre really cute! too bad there was another group between us,2022-04-28 14:15:29,-74.43938178166997,40.52525716528697,Henry's Diner,livingston,1,0
7691d94c-aaf1-415b-8414-76eac9b94fb1,admin,04/28: to the brown guy (abhi) on the B bus around 2, who I talked to on the bus the whole ride. you were really cute and u told me your instagram while getting down the bus but i couldn‚Äôt find u so i hope this reaches to u ,2022-04-28 15:01:15,,,B,,1,0
1226bc28-6b38-4f75-907b-e04b7ac86cb6,admin,Not a missed connection, but will anyone else be living in Campbell Hall 5th floor for next year? I‚Äôd love to meet new people and get to know y‚Äôall!,2022-04-28 15:05:39,-74.45117518306785,40.50558806589452,Campbell Hall,collegeAve,1,0
877dcf83-759f-4560-afc7-9873687d951c,admin,4/28 To the girl named Tina who came up to me in the livi student center because she thought I was sad. YOU DESERVE THE WORLDü§ç that was so sweet it made my day!,2022-04-28 15:11:53,-74.43730185809788,40.5235132375752,Livingston Student Center,livingston,1,0
30b97f0e-9c8a-4303-9b6a-6d075a9bd8da,admin,To the girl with the amazing white afro in the colorful top and white skirt, I sat next to you on the REXL this morning at around 11:45am--your style is immaculate and I want to be your friend but I was too shy to say anything :p ,2022-04-28 15:35:57,,,REXL,,1,0
55266a33-8973-405e-a592-cab30f113db2,admin,To the tall blonde guy who was at yardbucks around 4.30 with paper clip earrings and tattoos, you seem really cool :),2022-04-28 16:40:40,-74.44830794267115,40.49919899992076,Starbucks,collegeAve,1,0
285dabde-c174-4a18-8ecb-86749e519e3f,admin,28/04 - to the starbucks barista who asked how to pronounce my name at the yard around 1:45pm that was so sweet and it made me feel so happy! i wish everyone was like you, unfortunately the majority don‚Äôt pay attention to other cultures. i‚Äôm the girl who got a venti iced latte with oat milk :),2022-04-28 17:36:25,-74.4488872,40.4988723,Starbucks,collegeAve,1,0
388cde23-4ef0-453b-bcfb-454792421236,admin,(4/28) The guy at the College Ave gym around 4:30ish wearing a black Colombia shirt, gray shorts, wired apple earplugs, and blue & white Adidas shoes ‚Ä¶ you are really cute ,2022-04-28 17:44:07,-74.45284972903288,40.50327282340754,College Ave Gym,collegeAve,1,0
028e3722-cc7b-4f64-96d6-b6431da94f47,admin,To the guy at the CA gym around 4:45ish in the room next to the power gym. You were wearing a white t shirt, light gray sweatpants and AirPods. You had a black backpack (wow that‚Äôs a tongue twister lol) and a blue water flask. You were stretching and I was working out in front of you. Just wanted to say you were super cute! ,2022-04-28 17:49:00,-74.45284972903288,40.50327282340754,College Ave Gym,collegeAve,1,0
0138763e-c0ee-49cb-9229-6ae585491079,admin,to anybody who wants hot friends AND more importantly has guest meal swipes they wanna get rid of PLEASE hmu ,2022-04-28 19:03:20,,,,,1,0
a1a9add3-5e8d-410f-8fbe-89b70fac9100,admin,To the Black girl on LX around 7 w a bandana, camo pants, and a black puffer, I fw your sense of fashion heavy,2022-04-28 19:19:51,,,LX,,1,0
ee3925f6-fae8-461e-a9ee-1cb780cb5100,admin,To all the Girls at Rutgers, How would you like to be approached by boys at the DINING HALLS, BUSES, on the BUS STOPS. Please be honest and give some guidance to all the single men who like someone but don't know how to approach in 2022üòçü•∞ü§©üòªü§î. DM at @anonymous_engg,2022-04-28 21:42:54,,,,,1,0
94db8b2f-65e2-46be-a41f-c9ec02351cf6,admin,To the red-head with the flat cap at the chabad house: you‚Äôre very attractive, let‚Äôs get married and breed tegu lizards together. I am very rich.,2022-04-28 22:44:07,-74.45330400656323,40.50411361294752,Chabad House,collegeAve,1,0
e5149687-1b28-4287-8642-4979a47d8e1e,admin,To the tall (at least 5‚Äô11) Brown guy, who me and friend let into Easton Ave Apartments on 4.28 (Thursday) around 10:10pm, when we were walking in. I was wearing an all white suit and holding a bunch of stuff with a bookbag on my back with a Pok√©mon lunch box. We held the elevator open for u and I asked what floor after I had pressed 11, u said 8. U complimented my suit and I was like ‚Äúit‚Äôs tight‚Äù and you were like ‚Äúit looks good‚Äù‚Ä¶ it didn‚Äôt register in my head at the time u coulda been flirting cuz I‚Äôm slowüò≠ anyway, ur mad cute dude and I‚Äôd love to hangout sometime before we leave campus, and get to know u, even if u were just tryna b friends. P.s. I had the colored stars on my face.,2022-04-28 22:53:51,-74.44779898866845,40.49694968992389,University Center at Easton Avenue,collegeAve,1,0
6c821109-f084-4242-8c7d-b6a5a01a0d1d,admin,To the girl who thought my friend and I had nice voices (outside the Loud professor class in livi lol) and that we should make a podcast, u seemed really cool as well but didn‚Äôt ask u for your name completely!!! ,2022-04-28 23:12:11,,,,,1,0
efa3c3fd-158c-4299-ab3c-e7b20d491240,admin,If you are being excessively loud in a library, please consider taking your discussion somewhere else :( many of us are trying to study and sometimes excessive noise can distract people from studying. Especially as finals get close. ,2022-04-28 23:26:37,,,,,1,0
dd306f8f-8b0e-424d-ad70-1b72181f8296,admin,to the guy that heard and saw my friends and i singing songs from waitress in my car outside the academic building on 4/28 around 9pm and started jamming w/ us while crossing the street, can we be friends pls,2022-04-29 01:29:37,-74.44827028811086,40.50178215344104,Academic Building,collegeAve,1,0
d4c37420-5579-4314-931c-7ec974ae8499,admin,To the south asian girl that works at the front desk at Livi gym I see you every Monday night and you‚Äôre so fine respectfully. We had one small interaction when you gave me a bandaid but wish I could‚Äôve talked to you for longer. I know it‚Äôs really late into the semester but let me take you out please? ,2022-04-29 07:25:02,-74.43088704396287,40.5210907711339,Livingston Recreation Center,livingston,1,0
49d11d4b-872d-4f79-ab62-df5c11d5e0ed,admin,This was a while back, but to the guy I saw in Starbucks who looked in my direction when I was sitting outside and watching the Rutgers Basketball game (where we got free t-shirts and magnets that day) you were really cute but soooo far away. If you remember me I was the girl wearing the beige pants and jean jacket overcoat :) hmu,2022-04-29 07:55:18,-74.4488872,40.4988723,Starbucks,collegeAve,1,0
cfad4f0d-1cca-4e0d-85d3-76373e3cf2df,admin,to the girl with long brown hair eating plain green beans at neilson at 1:34 pm, will you go to mexico with me? i love you,2022-04-29 13:36:07,-74.43149637266592,40.4819303969926,Neilson Dining Hall,cookDoug,1,0
3d16892e-e537-4511-9e45-5b558ea013d0,admin,If your name is Kyle, some girl in the dining hall was talking about you and all I have to say is go for it dude.,2022-04-29 14:01:49,-74.43830858842182,40.522904617015385,Livingston Dining Commons,livingston,1,0
eadb6bff-28cd-4d95-a369-6d84fbb34178,admin,to the blonde guy named jaden i think with a black north face backpack who was on the REXL from red oak lane and got off at livi plaza and went to the starbucks and held the door for me and stood in front of me in line, on friday 4/29 around 1:30 pm, ur MAD fine and i thought u were staring at me so hmu,2022-04-29 14:06:27,-74.3402897,40.7811112,Starbucks,livingston,1,0
e52a4243-779f-4e4c-b304-ed354d299222,admin,I accidentally stole someones black fleece from Heuy‚Äôs last night (4/28). It says ‚ÄúState Theater New Jersey‚Äù on it. Brand is Crossland. A pink DHC lip cream was found in the pocket. Super sorry! ,2022-04-29 14:14:16,-74.454271900676,40.49973754209498,Huey's Knight Club,collegeAve,1,0
e6aab014-e6d7-45c3-8a74-0ba257c871bf,admin,to the white girl with glasses i saw at playa bowls on 4/29 at 4:20‚Ä¶ you single?,2022-04-29 16:23:19,-74.45174665272877,40.4993556192123,Playa Bowls,collegeAve,1,0
3d6ed674-3794-48d2-8148-3f23f5fc6212,admin,To the tallish girl (I think maybe blonde) who was working at Jersey Mike‚Äôs Friday 4/29 at like 630ish, you made my day and I love your energy. The sub was amazing, keep killin it and I hope to see you again :),2022-04-29 19:07:56,-74.44852983317142,40.499714115984844,Jersey Mike's Subs,collegeAve,1,0
5b4cd021-8882-4d4b-a218-c6de3d7d5692,admin,To the girl on the H bus in the pink formal top plaid pants and air forces. You got off at Busch sc Respectfully you are hot and I‚Äôm tryna hit. We made eye contact couple of times. Hmu pls your eyes are so pretty,2022-04-29 19:07:47,,,H Bus,,1,0
0b4c2224-49d1-4ffc-9b72-826d68bd62f0,admin,To the girl named Gauri ur so cool and stylish, I really admire your music taste and your fashion. It‚Äôs so pretty and unique!! I see u often in Livi but it‚Äôs just so scary to talk to u :/ It‚Äôs sad that I am not going to see u often because the semester is ending but if u wanna talk hmu we should atleast be friends:) ,2022-04-29 22:51:19,,,,,1,0
501dc0b0-d78e-4f18-8b29-20b1b6018463,admin,To this guy with a Skatebolt Tornado Pro (I guess) close to Honeygrow  and I said ‚Äúwe (almost) got the same board‚Äù hmu so we can ride together sometime,2022-04-30 00:52:48,-74.44812038789118,40.49914114715831,honeygrow,collegeAve,1,0
2e97c013-5150-476b-8eef-bb7d0cef415d,admin,to the brown boy with glasses, i‚Äôm pretty sure ur name is Abhijit, i think i saw you at a party last weekend at PKT & i saw you skateboarding past honeygrow today (4/29) but i just wanted to say ur really cute and if ur single definitely hmu lol ,2022-04-30 02:25:21,-74.44812038789118,40.49914114715831,honeygrow,collegeAve,1,0
f4d72eed-8299-414d-b5dd-fcb2f801c4bc,admin,Anyone living in Stonier next year? ,2022-04-30 12:30:20,-74.45122315840494,40.503176743325426,Stonier Hall,collegeAve,1,0
4507e5bb-a79d-4df4-94b2-a592dd8f22b7,admin,Not a missed connections, but if you see people sitting around school buildings trying to do work, please be mindful and not scream at the top of your lungs. We‚Äôre trying to get our work done because finals and the last thing I wanna do is know your business.,2022-04-30 17:58:30,,,,,1,0
dc8a46ae-4a01-4d56-bae0-cc310b4abef5,admin, My friends and I are rising sophomores and we need one more girl for our suite in Judson :))) We all are clean, organized, prioritize school but also like to have fun on the weekends. Please hmu if you are interested !!! @sophiamocci,2022-04-30 19:06:18,-74.45901546920132,40.52575234249656,Judson Suites,busch,1,0
ff979f10-6bf0-4e31-8893-11f47ada7c77,admin,I think I've been in love with a fine man with brown skin and fluffy hair ever since I saw him at the mark conference on the swat team. I think his name is Divon. ,2022-04-30 20:48:09,,,,,1,0
f8eb50d5-351b-4ded-8276-22927366768c,admin,4/30 TO THE BOY WHO WAS HONKING BACK AND FORTH WITH ME PARKED ACROSS FROM ME IN THE YELLOW LOT AT 11:05 pm AND SAID ‚Äúthat shit was funny before‚Äù YOU WERE SO GODDAMN FINE CAN I HAVE UR NUMBER ,2022-04-30 23:07:50,-74.43823373881361,40.52778561067915,Yellow Lot,livingston,1,0
8f8fc99b-7540-417f-acd1-3b1e4db969a3,admin, April 30th - to the wasian (?) at 41 mine with the yellow hawaiian shirt WE are in love with you. do you wanna homie hop? ,2022-05-01 01:00:26,-74.4514786567805,40.49989583006359,41 Mine St,collegeAve,1,0
7c813041-cb92-404f-adb2-b09f587cee43,admin,asian girl wearing all black with a choker sitting in front of yard bucks near the dog, hi,2022-05-01 13:58:21,-74.44827575415016,40.499256107944916,Starbucks,collegeAve,1,0
1352892a-8532-430d-a5f3-b912d7681092,admin,not a missed connection, but i'm nonbinary and i want to make more queer friends at rutgers! most of my friends are straight and cis, and i really want to find people like me. if anyone knows good clubs or orgs or anything at all please lmk!,2022-05-01 14:03:38,,,,,1,0
67582433-b561-48f1-91ec-b3dcbc27f475,admin,I was walking down the stairs near Quad 3 around like 6:30. And you were carrying food and had a yellow shirt. You looked up and had pretty eyes and I wanted to turn around and ask you for your name but i got in my own head ü•∫. I want to get to know you üòå,2022-05-01 20:08:44,-74.43346971721039,40.520797088339116,Quad Three Residence Hall,livingston,1,0
8d518ad3-b71f-49a8-b2d5-913fd42262a3,admin,To Anthony Gaeta in quad 2 ‚ù§Ô∏è tysm for telling me i deserved my sexual assault last semester, i literally have not stopped thinking about it. and a big fuck u to all my ‚Äúfriends‚Äù who r still friendly with him after i told yall what he said. maybe think about whether its worth sacrificing a friendship to be on good terms with an asshole. also please stop trying to pretend we‚Äôre on good terms; i held the door open for u cus im not a bitch not cus i forgave u at all. i literally have never hated anyone in my life but ur the only person who makes me feel disgusted when i look at them.,2022-05-01 21:36:25,-74.43483205063714,40.51992101760392,Quad Two Residence,livingston,1,0
97a3e78e-8bb6-42f6-bd70-b17f5ee7d363,admin,5/1 at 9:30pm at Alex: to the guy talking shit about someone else to your friend on speaker phone, kindly stfu. People are tryna study and get work done,2022-05-01 21:41:01,-74.45257861772129,40.504984460675374,Alexander Library,collegeAve,1,0
eed1d399-0af2-4017-9294-cfebfe624b48,admin,To the comp sci guy I‚Äôve been recently hanging out with, I always have a great time when I‚Äôm with you. I think you are so charismatic, kind, and intelligent. You make me smile and laugh so hard (even when you are making fun of me). I feel like we really click and I‚Äôm so grateful for that. I also have a fat crush on you ü§®ü§®ü§®,2022-05-01 22:03:21,,,,,1,0
1d0c0900-6b66-4cfb-b2de-b31a02ba41c5,admin,to the guy who was eating cereal at the busch dining at 9pm last sunday (4/24) and who got on the h bus at around 11.40pm at the casc stop tues the 26th and who i used to see all the time around all four campuses, you‚Äôre so cute and give me such good vibes. i hope you have a happy life ‚ò∫Ô∏è.,2022-05-01 22:11:49,-74.45777784367293,40.522548632995274,Busch Dining Hall,busch,1,0
d6a47a73-c5f0-4c58-89de-6b8cc45999f5,admin,to john that recommended the song virgin veins and duster to me: thanks for the recs. i haven‚Äôt been in the best headspace lately so it‚Äôs all i‚Äôve been listening to lately :‚Äô-) the lyrics got me sobbin lmao,2022-05-02 01:34:46,,,,,1,0
e2b29f01-f4fb-49ae-abb8-a54206f02b1d,admin,To the girl at the play boy party wearing the blue play boy crop top and shorts.  You‚Äôre gorgeous and curvy Asl  you should hmu ,2022-05-02 14:42:05,,,,,1,0
925b4714-ca3b-42b4-a2c9-5c621c0e0a50,admin,asian dude on the F bus around 3:10-3:20 with a slightly large rectangular package on the seat next to him. i was the girl with blond hair who sat next to you in the jean jacket and tie dye crocs playing on my switch. you‚Äôre cute, if you‚Äôre single and see this hmu <3,2022-05-02 15:45:03,,,F bus,,1,0
dff78745-8458-4a77-9ce6-338b5551d0ce,admin,To the dance major with the short curly hair I talked to on the EE around noon today (5/2) you're cute. Keep on dancing!,2022-05-02 21:07:43,,,EE Bus,,1,0
b7d4e61f-2a91-40f0-8d37-f8475a4d6d1b,admin,Just a reminder to the four remaining HC spoon assassin participants: services will be provided to the winner. Please contact me. Can‚Äôt wait to meet up with you!,2022-05-02 21:12:33,-74.44705358438395,40.502622481036404,Honors College of Rutgers,collegeAve,1,0
16b29f08-6a20-40b2-85e1-4e8a7af95bdf,admin,For the love of god y‚Äôall need to get better at listening for numbers at Cafe West. CHECK THE NAME!!! to the dude who screwed me out of my bagel today (5/2) at 10 cmon mannn. That was the last sundried tomato bagel üò≠ I tried telling u n you just ignored me üò≠üò≠üò≠,2022-05-02 22:21:23,-74.44820250828582,40.50155270578214,Cafe West,collegeAve,1,0
10efbce1-3040-4bcf-b568-0b6cffacbee7,admin,If you were on the RexL and got off at Livi plaza, you left your keys on the bus. I tried to take them to the student center but the bus driver wanted to keep them. Hope you find them!,2022-05-03 09:01:42,,,REXL Bus,,1,0
87eec592-dfcb-45b6-92b5-7c848c985abd,admin,To the white guy in the white shirt who‚Äôs the only other person on the LX bus besides me, you‚Äôre SUPA cute. U got nice blue eyes and we made eye contact but we both quickly looked away LOL. I wanted to talk to u but there was so much tension with just us being on the busüò≠ This is 5/3 at around 9:20AM,2022-05-03 09:41:11,,,LX,,1,0
5c83d648-4ba9-4b5b-a48c-4be1c8be8601,admin,I lost my AirPods in pink case near the yard and it would be really helpful if anyone has any information regarding it.,2022-05-03 15:02:21,-74.44850512044424,40.49939315941969,The Yard,collegeAve,1,0
7d29688a-f4a8-4c39-85a6-0530b35c15d4,admin,HEY THERE WAS A GIRL WHO WORKS AT NEILSON DINING HALL WHO LOOKS LIKE DIXIE D‚ÄôAMELIO IF ANYONE KNOWS HER LET ME KNOW,2022-05-03 16:41:18,-74.43148565193232,40.48185706492709,Neilson Dining Hall,cookDoug,1,0
97d08f69-26a6-440d-bc56-1e2e3b13225f,admin,To the two girls who came up to me and my friend in front of socam tonight with that creepy guy making really weird comments and not leaving us alone, thank u guys üò≠ even u just asking if we were waiting for a bus helped get me to muster up the courage to just tell him to straight up get out of here. love u queens ‚ù§Ô∏è‚ù§Ô∏è,2022-05-04 01:53:58,-74.44347969235689,40.49171454117129,SoCam 290 Apartments,collegeAve,1,0
20b5ddce-492e-4da7-8439-5502920d7170,admin,To the girl at Huey‚Äôs on May 3 who told me she was from Los Angeles. You were super cute and should hmu. ,2022-05-04 11:08:10,-74.45427183512203,40.4997596086294,Huey's Knight Club,collegeAve,1,0
ceb12ab8-377f-4f9b-9d2a-65eae8575a08,admin,To one of cowboys in Huey‚Äôs, I don‚Äôt think you are üíÖüèΩ, but respectfully you are fine af. I borrowed your hat last night and took a picture with, if you are üíÖüèΩ or curious hmu ü´£,2022-05-04 11:08:34,-74.45427183512203,40.4997596086294,Huey's Knight Club,collegeAve,1,0
f07e806f-cb31-4da9-ade3-6a0cf05c070f,admin,Yo to the dude that complimented my zyzz shirt around 3 at livi plaza on may 4 i rlly appreciate it that made my whole day. hmu if you wanna take pre blast hardstyle and get a workout in sometimeüí™,2022-05-04 15:18:31,-74.43858326557064,40.52563577432371,Livingston Plaza,livingston,1,0
0480d48d-ffa7-4c06-98f8-8778f675be27,admin,(5/4) to the Asian girl at werblin who was wearing a green top, black gymshark leggings and bred yeezys. if you‚Äôre single hmu bc damn you really caught my eye,2022-05-04 15:18:35,-74.46084178303502,40.519577493314834,Sonny Werblin Recreation Center,busch,1,0
0caf9084-891f-4df2-82a6-b100124e4a9d,admin,To the guy that I met at Rutgers Day. We were sitting in the back of the bus from Busch to Cook/Doug together. We were talking about you didn‚Äôt get anything from the tables so I gave you one of my highlighters, I should‚Äôve gotten your snap because I thought you were really cute. ,2022-05-04 16:07:06,,,REXB Bus,,1,0
b4a52bf7-4a35-4c54-8091-8e0918b5262f,admin,To the brown girl whom I saw on 2nd May at the Busch gym around 5-6pm. Whom I gave compliment . I really found you cute and attractive. Would love to get you know more . HMU I was the guy in long sleeve wearing green . ,2022-05-04 17:18:58,-74.46084178303502,40.519577493314834,Sonny Werblin Recreation Center,busch,1,0
4432ac76-d968-47e0-bf34-c08afb1b037f,admin,Please does anyone know if Doug cafe burrito boy is single. He held my gaze for like .5 seconds today and I melted. I‚Äôm so down bad for him. Please. ,2022-05-04 18:02:10,-74.43668808665862,40.48481983118934,Dougless Cafe,cookDoug,1,0
fa2fcdf6-a07d-4745-8205-940dc6920092,admin,To the people who were making farting noises at the midnight breakfast at Neilson and being hella disrespectful to ur surroundings while people were trying to eat. U guys were actual dickheads.,2022-05-04 18:36:06,-74.43148565193232,40.48185706492709,Neilson Dining Hall,cookDoug,1,0
e0096db1-4e5e-4dfa-8d92-d713266c49fb,admin,To the tall guy with the long hair and red baseball cap who‚Äôs always studying in the cafe seating portion of the Doug student center until it closes at 11:30pm, I‚Äôve always wondered what your major is. You seem so hardworking. Best of luck on your finals! ,2022-05-04 23:56:19,-74.43661305360841,40.4847874387813,Douglass Student Center,cookDoug,1,0
43734e03-7c64-4861-83e8-cd656c663561,admin,To the guy in the fraternity behind my apartment who listened to me when I asked to turn down the music , you‚Äôre cute hmu,2022-05-05 02:52:47,,,,,1,0
6bb0bb15-cd91-4d3d-a726-15e12c4cb5a3,admin,The girl studying for some ECE final at 4 am on 5/5 at the 1st floor of best north, u seem cool. Honestly didn‚Äôt say anything because I‚Äôm a bitch but after finals, u tryna go out?,2022-05-05 04:22:33,-74.45542650942794,40.52196937567454,BEST North,busch,1,0
15da9253-5542-42d4-bb4b-bc9eda4c2e6b,admin,this is kind of a while ago but to kevin w a mullet  playing volleyball at werb with me and my friend i thought you were pretty cute and nice but i left before getting your socials :( ,2022-05-05 11:08:41,-74.46090893133326,40.519542138214476,Sonny Werblin Recreation Center,busch,1,0
138d9c2d-c845-4608-ac3e-4387c3ead96d,admin,girl at the bsc by the cafe on 5/5 around 5:45 - loved your outfit and the rainbow patch on your jeans! ,2022-05-05 17:49:59,-74.4581855405819,40.52331990140866,Busch Student Center,busch,1,0
e77016ce-a022-4e7a-93f6-be9eff64f2c9,admin,To the girl in blue shorts who looked back at me while leaving cook gym, i was wearing a black tank, hmu, we should hit the gym sometime ü§ôüèº,2022-05-05 18:51:54,-74.43264348258762,40.47863464896412,Cook/Douglass Recreation Center,cookDoug,1,0
a8682f64-0bae-4144-a624-dc1dc1fabecf,admin,to my ‚Äúfriends‚Äù who have no problem asking me to help do your work and then promise to help with mine and then conveniently bail when it comes time to help me, thanks so much, you really are great friends ,2022-05-05 19:17:14,,,,,1,0
6cf25c59-db5b-4567-9dae-2538da8f38d0,admin,To the girl with the nose piercing that works at mamouns falafel I was there at like 7pm, you really caught my eye I would love to get to know you  ,2022-05-05 20:50:19,-74.4490292715377,40.49774479996368,Mamoun's Falafel,collegeAve,1,0
7ebf3abd-7a61-4a54-87b6-94adfdab8808,admin,to the guy with the blue shirt and long-ish hair who was kinda flirting with me a tiny bit before the precalc 2 exam in the gym from 4-7, i know i‚Äôll probably never see you again but i thought you were really cute and kinda looked like Chase Stokes. just cut the hair please, short hair would suit you ,2022-05-05 21:01:34,-74.43089776929375,40.52120495107628,Livingston Recreation Center,livingston,1,0
4e7c0a6a-ff05-4e9d-81ff-b225cb1ebfe4,admin,This to the girl that work in Tacoria that served me and my friend on Rutgers Day. You had the purple highlights on your hair. You are so fine. If you single, so am I.,2022-05-05 21:25:12,-74.44897554552139,40.49768052547864,tacoria,collegeAve,1,0
0a0b394b-948d-4821-87e9-6aa988506a07,admin,Shoutout to the random girl that wiped the icing out of my beard at CLAC during Rutgers Day! üòÇ ,2022-05-05 21:29:00,,,,,1,0
c54fe177-a2f4-4dd5-b98b-984be738dbda,admin,To the two girls that were barking in the parking lot on Livi that was the funniest thing ever and I‚Äôm still convinced you were not sober,2022-05-06 13:21:26,,,,,1,0
58105349-f442-4689-907a-b9f3906a6156,admin,To the two girls crying holding a tissue box in the LSC around 9 pm on May 6th keep smiling it‚Äôll get better ,2022-05-06 13:22:48,-74.43718383828255,40.52358674485989,Livingston Student Center,livingston,1,0
70697b50-e6d1-463f-920f-cf90b7f68624,admin,05/06 to the white girl with the teddy bear jacket that was with her friend with the sky blue hoodie: if you drop your package of strawberries at the Academic Building on CA clean it up. You literally walked into Cafe west to get new utensils, it‚Äôs not that hard to grab a few tissues to clean up your mess before leaving. Your first intention should be to clean the mess up not posting your accident on snapchat or wherever. Be respectful to the workers and the people you share the space with.,2022-05-06 16:50:53,-74.44813835788067,40.5016946591156,Rutgers Academic Building,collegeAve,1,0
b0444752-8adf-4927-be37-5680c289395f,admin,To the people on the second floor of Perry Hall cheering for my boyfriend and I to kiss outside in the rain, it made me laugh and I appreciated it lmao,2022-05-06 18:03:57,-74.43373242903743,40.47702964893622,Perry Residence Hall,cookDoug,1,0
e0f7efb4-7d7e-4b85-874f-fe5fb6778d8c,admin,I know this is kinda late, but to the guy in my Mon/Wed calc class with Banerjee who sat directly in front of me and kept glancing back at me/in my direction during class for the last few weeks now: if by some off chance you‚Äôre üíÖ, HMU,2022-05-06 21:12:47,,,,,1,0
e30679e6-b9e4-45c8-a7c3-b4b5771a32e8,admin,To the girl that I‚Äôve seen every Wednesday this semester and our only interactions were after a midterm, exchanging hi/byes, and a birthday wish, you made me look forward to every Wednesday :). Hopefully we have a class together next semester and I have the courage to start an actual conversation. ps: hope you did well on your final today 5/6,2022-05-06 22:25:00,,,,,1,0
d241e9e8-659e-4f85-a461-bf6e12f83c75,admin,Omg to Anna that lives in the Thomas Suites(? I think that‚Äôs what you said) thank you for sharing your umbrella with me back to McCormick, that was super sweet and it made my day! ü•∞ü•∞ü•∞,2022-05-07 13:15:04,-74.45947941058674,40.525136909966626,Thomas Suites Residence Hall,busch,1,0
e9a1c4a2-142d-4a00-8256-4187c3a23aaf,admin,to whoever stole my bagel from the toaster at bdh on may 7 around 2, we have a problem ,2022-05-07 13:58:24,-74.45777784367293,40.522548632995274,Busch Dining Hall,busch,1,0
7b7166ba-95f9-4e7d-803b-11cef2b722b7,admin,To the girl wearing the Miami Heat Wade sweatshirt at 16 handles in 5/7 at 9:30pm, I think you are super cute. I see you around campus often and I hope one day we can meet and hangout. :),2022-05-07 23:32:33,-74.43769556906288,40.525596272501836,16 Handles,livingston,1,0
77554313-e16b-4cdf-a379-f1a4f2324141,admin,5/08 (Sunday)-to the girl at the busch student center around 5 pm taking a printout wearing a grey hoodie and black-grey leggings, i think you‚Äôre really very beautiful:) you‚Äôre one of the prettiest women i‚Äôve ever seen!! i‚Äôd love to get to know you;),2022-05-08 17:01:54,-74.4581855405819,40.52331990140866,Busch Student Center,busch,1,0
9e816654-ab56-4dfe-b883-1d1648195f51,admin,Not a missed connection but just wanted to know if anyone would like to be friends with me. I've had a pretty crappy semester during the last couple weeks of school and just want to surround myself with more friends. I'm an Indian who loves trying new food, watching anime, recording YouTube videos, and coming up with song lyrics for my channel! I also want to become a professional performer someday and am currently a Psych Major with a minor in Education. Lmk if you're down to be friends lol!,2022-05-08 20:06:24,,,,,1,0
f86414a7-0f3d-4286-8a21-775e8ed973fa,admin,To the person crying in the meeting room in Tillet computer lab on 5/9 .. i hope u feel better !! :( ,2022-05-09 13:51:51,-74.43602188478512,40.5219585039965,Tillet Hall,livingston,1,0
e0b6e4a3-3f77-418f-852c-13d425940aa5,admin,5/9: To Parth and Jay Vee (hope I spelt your names right lol), that I met after my chem final at the Livi Gym, that volleyball game was a load of fun, and really made my day, hope y‚Äôall have a great summer if I don‚Äôt see you guys <3! Hmu on insta since it was a lot of fun playing with you guys :),2022-05-09 14:29:35,-74.43089776929375,40.52120495107628,Livingston Recreation Center,livingston,1,0
1c3bb9d8-ef9c-4a61-b561-43bc00fd484f,admin,To the person with blonde hair, a green shirt, blue jeans, and red docs waiting at the light across the street from the douglass student center on may 9, we kept making eye contact and i wanted to talk to you but i was with two of my friends and i couldn‚Äôt leave them. If you see this, I would love to talk to you and get to know you :) ,2022-05-09 21:14:08,-74.43670961483221,40.484746639930535,Douglass Student Center,cookDoug,1,0
0bfe3fa7-78d0-4fe6-93b0-1c9872e16d43,admin,5/9 - the girl at the front desk in college ave student center with blonde hair and blue eyes. I‚Äôd like to get to know you. I was the asian kid with highlights and wearing pink pants that u said good afternoon to, twice :),2022-05-10 04:08:25,-74.45203002306403,40.50288142637295,College Avenue Student Center,collegeAve,1,0
de024054-9847-4719-abb9-b439fb853596,admin,The two people behind me on the H bus who are arguing over whether grammar is an arbitrary set of rules or like art, holy shit your minds. I didn't want to intrude but I had so many thoughts on your conversation. Please hang out with me, y'all seemed so cool,2022-05-10 10:22:11,,,H Bus,,1,0
d74900bd-19c1-4171-9ad0-73cb8b4cf4a9,admin,5/9. Latina girl who got on the EE at around 5:50-6 pm with the white tank top, tattoo on left shoulder, and wearing flip flops. You fine as hell,2022-05-10 12:55:07,,,EE Bus,,1,0
23aba2c4-b3cc-424c-9294-55dc7cc3a04b,admin,To the girl I lended my pencil to during calc 151 final at ARC, you think I could get it back or naw ,2022-05-10 19:14:29,-74.46524115465765,40.5238678102084,Allison Road Classroom,busch,1,0
43edeb12-712e-40e6-b146-a6bd7fe999c5,admin,5/10-  to the guy on the H bus around 10 pm who was doing his hw and asked me about the feather tattoo, sorry I wasn‚Äôt able to talk to u- my stop came and my friend dragged me out of the bus. I wish I got ur name!!!,2022-05-11 01:07:55,,,H Bus,,1,0
673e3000-3b5a-4077-8406-9324dd4a3538,admin,to the cashier who was wearing glasses at el jefe‚Äôs in college ave on 5/10 around 9pm, I was the short girl with curly hair who ordered a bowl with my 2 friends. wish I got ur insta !! ,2022-05-11 01:17:43,-74.44837546916641,40.49902968227487,El Jefe's Taqueria,collegeAve,1,0
9f3f7fba-8233-4e4a-8b6f-59433212e020,admin,Crystal in the business school (5/11), thank you so much for buying me that monster. I stayed up all night for a final and you are too good for this world for doing that for a stranger. Please let me venmo you or return the favor sometime! :),2022-05-11 11:52:10,-74.44060511200078,40.523787581528005,Rutgers Business School,livingston,1,0
df686b58-4415-4045-90c5-fcf6f752b180,admin,5/11. I‚Äôve been meaning to say this for a while now, but to the girl who was at kilmer‚Äôs at around 4:30 with black leggings and ugg slippers, let‚Äôs get coffee.   ,2022-05-11 19:21:19,-74.43879895708778,40.52576372455097,Kilmer's Market,livingston,1,0
d95e7c99-7773-4e3e-a0d2-4d85b7921b8d,admin,To the tall white boy at cook douglass gym who's usually wearing Adidas, a mask and headband/bandana, I think you're really cute. I saw you on Monday wearing a shirt that said Emory Elite or something but I was too nervous to talk to you bc I was with my friend. One time you helped me put weights on the bar to squat and I was confused as to what you were doing so maybe I scared you off with my rbf. I'm the Asian girl with reddish hair at cook doug gym who prob looks mad usually. Hit me up if you'd wanna hang out sometime :),2022-05-11 20:29:58,-74.43268639587222,40.47872453282531,Cook/Douglass Recreation Center,cookDoug,1,0
d0add866-73a9-4b43-95a2-18cea3fd06ac,admin,To the tall brown guy RA at BEST East who‚Äôs a CS major, I met you the first week of fall sem and saw you today when moving out. I didn‚Äôt realize you were cute lol, I wish I saw you more ,2022-05-12 01:09:01,-74.45481793022138,40.52190034094479,BEST East,busch,1,0
e06401ad-25b4-415a-8801-466ffce9945b,admin,To the guy who gave me the free vanilla ice cream on 5/11 at surreal, thank you so much! You really made my night and it was so sweet, I was gonna ask for your name but I got shy. I like your hair thank you for the sprinkles too :),2022-05-12 02:11:28,-74.44720722412544,40.49690649572787,Surreal Creamery,collegeAve,1,0
253ced52-a110-4621-81e9-a1de797b7639,admin,to the girl wearing green leggings and grey top at werblin (around 2pm), i thought you were really fine. if you‚Äôre single hit me uppp,2022-05-12 09:36:33,-74.46090893133326,40.519542138214476,Sonny Werblin Recreation Center,busch,1,0
ed54b2cf-37f5-4627-a505-993403a68892,admin,To the super tall girl Lola‚Ä¶ you are literally the girl of my dreams üò≥,2022-05-12 13:09:39,,,,,1,0
,,,,,,,,,
